Date,Description,Type,Cost,Timestamp,Email Address,,,https://docs.google.com/forms/d/e/1FAIpQLSe1VI2A82N_6THPd41tj_MbV_s7V4pHgDXPcsGrTBWMUSl3zg/viewform
11/14/2023,Gas Bill,home,38.19,11/14/2023 8:57:45,,,,
11/12/2023,badminton,beauty,53.3,11/12/2023 14:48:17,,,,
11/12/2023,chips,food,2.56,11/12/2023 16:11:51,,,,
11/11/2023,badminton,beauty,1.5,11/11/2023 14:56:31,,,,
11/10/2023,canpus food,food,9.24,11/10/2023 14:59:53,,,,
11/10/2023,chips,food,6.17,11/10/2023 20:36:35,,,,
11/10/2023,xfinity bill,home,22.5,11/10/2023 20:59:07,,,,
11/9/2023,walmart,food,46.08,11/10/2023 20:53:49,,,,
11/8/2023,panda express,food,8.59,11/8/2023 14:24:28,,,,
11/8/2023,chips,food,2.56,11/8/2023 21:32:16,,,,
11/7/2023,chips,food,2.56,11/8/2023 6:46:41,,,,
11/6/2023,google fi,tech,27.42,11/6/2023 12:30:42,,,,
11/5/2023,badminton,beauty,2,11/5/2023 15:16:58,,,,
11/4/2023,Instacart Beef,food,30.53,11/4/2023 10:20:33,,,,
11/4/2023,walmart grocery,food,19.02,11/4/2023 10:20:58,,,,
11/4/2023,chips,food,2.56,11/4/2023 22:04:09,,,,
11/3/2023,campus food,food,9.24,11/3/2023 14:47:21,,,,
11/2/2023,walmart grocery,food,20.27,11/2/2023 22:49:07,,,,
11/2/2023,walmart chair table,home,33.855,11/2/2023 23:14:19,,,,
11/2/2023,Amazon tripod,tech,26.93,11/2/2023 23:15:47,,,,
11/1/2023,campus food,food,9.02,11/1/2023 9:39:35,,,,
11/1/2023,Walmart grocery,food,65.59,11/1/2023 13:48:25,,,,
10/31/2023,Reimbursement loss from stacey,waste,2.34,10/31/2023 14:30:31,,,,
10/31/2023,bd association annual fee,friend,7,11/7/2023 14:52:17,,,,
10/30/2023,salad,food,10.89,10/30/2023 10:34:30,,,,
10/29/2023,sprite,food,10.8,10/29/2023 20:34:30,,,,
10/28/2023,bkash mobile recharge,wife,20,10/28/2023 11:52:57,,,,
10/27/2023,walmart,food,2.04,10/27/2023 22:25:53,,,,
10/27/2023,walmart,food,14.07,10/27/2023 22:26:12,,,,
11/14/2023,Cold coffee from vending machine,food,3.5,11/14/2023 13:50:42,,,,
11/15/2023,walmart,food,43.13,11/15/2023 22:53:13,,,,
11/15/2023,walmart battery and lotion,beauty,13.73,11/15/2023 22:53:58,,,,
11/16/2023,Badminton,beauty,1,11/16/2023 20:18:13,,,,
11/16/2023,chips,food,2.56,11/17/2023 10:49:11,,,,
11/16/2023,biscuits,food,4.58,11/17/2023 16:04:53,,,,
11/16/2023,cooker,food,30.67,11/17/2023 16:05:13,,,,
11/16/2023,taaha acne cream,beauty,9.77,11/17/2023 16:06:05,,,,
11/16/2023,walmart tax,food,3.22,11/17/2023 16:07:56,,,,
11/17/2023,chips,food,2.56,11/18/2023 22:13:58,,,,
11/19/2023,chips,food,2.56,11/19/2023 16:10:54,,,,
11/20/2023,walmart grocery,food,34.62,11/20/2023 9:44:38,,,,
11/21/2023,"water proof cover, hand strap, flip cover and screen protector",tech,45.21,11/21/2023 22:09:20,,,,
11/21/2023,waterproof bag,beauty,15.29,11/21/2023 22:10:10,,,,
11/22/2023,chips,food,2.56,11/22/2023 19:34:23,,,,
11/22/2023,campus food,food,9.24,11/22/2023 19:35:45,,,,
11/23/2023,"cricket bat, stamps, ball and bag",beauty,40.93,11/23/2023 14:33:33,,,,
11/24/2023,walmart,food,26.42,11/24/2023 16:42:39,,,,
11/25/2023,shuttle,beauty,19.5,11/25/2023 17:48:23,,,,
11/25/2023,rent,home,748.49,11/25/2023 19:09:03,,,,
11/26/2023,chips,food,2.56,11/26/2023 16:09:43,,,,
11/26/2023,beef instacart,food,25.53,11/26/2023 19:09:18,,,,
11/27/2023,web cafe,food,5.43,11/27/2023 9:58:13,,,,
11/29/2023,webcafe,food,9.24,11/29/2023 9:56:12,,,,
11/29/2023,kfc,food,9.23,11/29/2023 20:48:44,,,,
11/29/2023,uber,transport,8.43,11/29/2023 23:56:57,,,,
11/30/2023,canpus food,food,9.25,11/30/2023 17:49:57,,,,
11/30/2023,racket,beauty,1,11/30/2023 21:31:38,,,,
11/30/2023,room heater,home,39.94,12/1/2023 17:55:43,,,,
12/1/2023,eggs,food,6.1,12/1/2023 17:56:35,,,,
11/29/2023,walmart,food,18.6,12/1/2023 17:57:41,,,,
12/2/2023,badminton,friend,1,12/2/2023 19:44:44,,,,
12/2/2023,chips,food,5.13,12/2/2023 20:58:46,,,,
12/3/2023,chips,food,2.67,12/3/2023 16:42:57,,,,
12/4/2023,campus food,food,9.02,12/4/2023 11:00:29,,,,
12/4/2023,steak,food,27.27,12/4/2023 18:24:25,,,,
12/4/2023,m and m,food,2.26,12/4/2023 19:24:43,,,,
12/5/2023,campus food,food,9.02,12/5/2023 14:44:06,,,,
12/6/2023,google fi,tech,28.92,12/6/2023 13:08:01,,,,
12/7/2023,canpus food,food,9.25,12/7/2023 16:25:51,,,,
12/8/2023,Lab cookies,friend,9.43,12/8/2023 14:16:42,,,,
12/5/2023,walmart,food,16.78,12/8/2023 14:35:23,,,,
12/9/2023,racket,friend,1,12/9/2023 15:57:48,,,,
12/10/2023,walmart,food,8.81,12/10/2023 17:28:11,,,,
12/19/2023,gas bill,home,90.9,12/18/2023 18:36:31,,,,
12/23/2023,electric bill,home,37.32,12/22/2023 22:18:09,,,,
12/12/2023,uber to airport,transport,17.99,12/22/2023 22:26:37,,,,
12/12/2023,airport food,food,61.18,12/22/2023 22:28:01,,,,
12/16/2023,tahsina minecraft,family,7.53,12/22/2023 22:28:31,,,,
12/25/2023,movie,family,2.14,12/25/2023 10:07:55,,,,
12/27/2023,rent,home,748.49,12/26/2023 21:13:45,,,,
1/7/2024,Google fi,tech,25.13,1/7/2024 1:28:29,,,,
1/8/2024,roaming balance,tech,9.28,1/8/2024 9:34:31,,,,
1/11/2024,turkey evisa,transport,61.5,1/10/2024 16:12:23,,,,
1/11/2024,istanbul burger,food,22.83,1/11/2024 1:42:51,,,,
1/11/2024,uber lax to senior,transport,38.94,1/11/2024 23:41:46,,,,
1/12/2024,dominion,home,92.01,1/12/2024 9:43:35,,,,
1/12/2024,xfinity,home,22.5,1/12/2024 9:55:55,,,,
12/25/2023,Honeymoon,wife,128.36,1/12/2024 10:22:53,,,,
1/29/2024,dhaka costs,family,152.03,1/12/2024 10:24:48,,,,
12/15/2023,toha gift,waste,76.55,1/12/2024 10:30:26,,,,
12/15/2023,Honeymoon hotel + flight,wife,814.71,1/12/2024 10:36:30,,,,
1/12/2024,uber senior home to lax,transport,47.97,1/12/2024 17:36:18,,,,
1/12/2024,lax food,food,10.39,1/12/2024 18:40:49,,,,
1/13/2024,uber slc airport to home,transport,38.98,1/13/2024 0:01:51,,,,
1/13/2024,cosmetics,beauty,27.49,1/13/2024 19:23:23,,,,
1/13/2024,cookies,food,5.98,1/13/2024 19:23:39,,,,
1/13/2024,walmart,food,70.98,1/13/2024 19:26:43,,,,
1/13/2024,walmart mumtahin adjustment,food,12.87,1/13/2024 20:48:12,,,,
1/14/2024,curtain rod,home,12.8,1/14/2024 10:29:25,,,,
1/14/2024,accidental purchase of hangers and hook,home,26.42,1/14/2024 10:52:02,,,,
1/14/2024,accidental purchase of earphone hook,waste,5.09,1/14/2024 10:53:38,,,,
1/14/2024,clean and clear,beauty,4.97,1/14/2024 10:54:29,,,,
1/14/2024,trimmer,beauty,21.96,1/14/2024 10:55:03,,,,
1/14/2024,bluetooth speaker,tech,21.96,1/14/2024 10:55:30,,,,
1/14/2024,humidifier,home,56.85,1/14/2024 10:56:41,,,,
1/14/2024,vacuum cleaner,home,74.35,1/14/2024 14:18:08,,,,
1/16/2024,campus food,food,5.43,1/16/2024 15:14:31,,,,
1/16/2024,international student fee,study,150,1/16/2024 15:46:15,,,,
1/17/2024,shop and go garlic,food,4.395,1/17/2024 12:48:46,,,,
1/17/2024,pringles,food,4.32,1/17/2024 12:49:01,,,,
1/18/2024,writing pad,waste,25.84,1/18/2024 15:13:53,,,,
1/18/2024,campus food,food,3.85,1/18/2024 17:55:52,,,,
1/18/2024,Badminton bat,friend,1,1/18/2024 18:50:24,,,,
1/19/2024,Tahmid waste on FlightRadar,waste,5,1/19/2024 14:02:25,,,,
1/19/2024,walmart,food,27.93,1/19/2024 20:29:07,,,,
1/20/2024,chips,food,2.56,1/20/2024 21:26:26,,,,
1/21/2024,chips,food,2.56,1/21/2024 15:36:42,,,,
1/24/2024,rocky mountain power,home,40.5,1/24/2024 18:41:25,,,,
1/25/2024,campus food,food,3.47,1/25/2024 14:17:45,,,,
1/25/2024,chips,food,2.56,1/25/2024 22:56:24,,,,
1/26/2024,mosque rice,food,8,1/26/2024 15:06:35,,,,
1/26/2024,writing pad,study,4.8,1/26/2024 15:07:01,,,,
1/26/2024,rent,home,748.49,1/26/2024 20:16:42,,,,
1/27/2024,shuttle,beauty,19.5,1/27/2024 18:38:53,,,,
1/27/2024,chips,food,2.56,1/27/2024 20:51:02,,,,
1/28/2024,chips,food,2.77,1/28/2024 13:38:31,,,,
1/28/2024,rabi walmart,friend,9.1,1/28/2024 17:11:31,,,,
1/28/2024,walmart,food,41.75,1/28/2024 17:18:53,,,,
1/30/2024,campus food,food,3.47,1/30/2024 15:22:30,,,,
1/31/2024,campus food,food,9.02,1/31/2024 13:32:46,,,,
1/31/2024,chips,food,2.56,1/31/2024 21:05:32,,,,
2/1/2024,chips,food,2.56,2/1/2024 17:50:02,,,,
2/2/2024,chicken fry,food,11.4,2/2/2024 21:38:12,,,,
2/4/2024,chips,food,2.05,2/4/2024 20:15:42,,,,
2/5/2024,campus food,food,8.59,2/5/2024 16:13:00,,,,
2/6/2024,chips,food,2.77,2/6/2024 19:15:43,,,,
2/7/2024,chips,food,2.77,2/7/2024 21:13:26,,,,
2/8/2024,juice,food,3.29,2/8/2024 16:46:57,,,,
2/8/2024,sandwitch,food,11,2/8/2024 16:47:18,,,,
2/10/2024,chips,food,2.77,2/11/2024 12:25:45,,,,
2/11/2024,seattle costs,food,42,2/11/2024 12:27:16,,,,
2/6/2024,instacart beef,food,30.03,2/11/2024 12:29:16,,,,
2/6/2024,walmart,food,71.77,2/11/2024 12:39:44,,,,
2/11/2024,xfinity,tech,22.5,2/11/2024 12:42:08,,,,
2/11/2024,google fi,tech,25.96,2/11/2024 13:23:18,,,,
2/11/2024,chips,food,2.77,2/11/2024 14:08:47,,,,
2/12/2024,chips,food,2.77,2/12/2024 22:25:07,,,,
2/13/2024,campus food,food,9.25,2/13/2024 15:00:08,,,,
2/14/2024,gas bill,home,87.68,2/14/2024 1:18:57,,,,
2/15/2024,campus food,food,8.51,2/15/2024 13:59:22,,,,
2/15/2024,shop n go,food,14.79,2/15/2024 16:49:59,,,,
2/15/2024,chips,food,2.77,2/15/2024 21:57:49,,,,
2/12/2024,walmart,food,23.243,2/16/2024 20:57:06,,,,
2/17/2024,coke,food,11.32,2/17/2024 21:30:26,,,,
2/18/2024,chips,food,2.77,2/18/2024 15:37:03,,,,
2/18/2024,walmart,food,10.72,2/18/2024 21:46:41,,,,
2/18/2024,body gel,beauty,6.48,2/18/2024 21:47:16,,,,
2/18/2024,steel cup,home,5.47,2/18/2024 21:47:44,,,,
2/18/2024,hair loss cream,beauty,32.98,2/18/2024 21:48:12,,,,
2/19/2024,chips,food,2.77,2/19/2024 20:58:06,,,,
2/21/2024,chatgpt plus,study,21.55,2/21/2024 13:12:41,,,,
2/21/2024,campus food,food,4.1,2/21/2024 20:08:07,,,,
2/22/2024,campus food,food,8.51,2/22/2024 14:30:31,,,,
2/23/2024,chips,food,1.6,2/23/2024 17:54:14,,,,
2/23/2024,electric bill,home,29.41,2/23/2024 20:44:44,,,,
2/24/2024,rent,home,748.5,2/24/2024 20:32:47,,,,
2/24/2024,walmart,food,31.41,2/24/2024 20:33:54,,,,
2/25/2024,chips,food,2.66,2/25/2024 20:07:01,,,,
2/25/2024,chips,food,2.77,2/25/2024 22:14:53,,,,
2/26/2024,taaha bkash,wife,20,2/26/2024 11:35:29,,,,
2/26/2024,chips,food,2.77,2/26/2024 20:09:44,,,,
2/26/2024,badminton,beauty,7,2/26/2024 21:22:24,,,,
2/27/2024,campus food,food,9.02,2/27/2024 14:16:47,,,,
2/27/2024,taaha food,food,4.62,2/27/2024 22:44:47,,,,
2/28/2024,campus food,food,9.24,2/28/2024 13:50:59,,,,
2/28/2024,7 11 chicken,food,11.4,2/28/2024 21:14:07,,,,
2/29/2024,food,food,18.93,2/29/2024 16:20:00,,,,
3/1/2024,chips,food,2.77,3/1/2024 0:04:52,,,,
3/3/2024,taaha certificate,wife,20,3/4/2024 0:52:00,,,,
3/4/2024,taaha gift card,waste,28.12,3/4/2024 1:52:27,,,,
3/4/2024,lebanon food,food,21.64,3/4/2024 15:47:15,,,,
3/7/2024,canpus food,food,10,3/7/2024 15:21:33,,,,
3/8/2024,google fi,tech,25.87,3/8/2024 19:16:37,,,,
3/8/2024,instacart beef,food,22.5,3/8/2024 19:19:26,,,,
3/8/2024,sandals,beauty,24.98,3/8/2024 19:27:10,,,,
3/3/2024,walmart,food,38.46,3/8/2024 19:29:22,,,,
3/9/2024,7 eleven,food,5.96,3/9/2024 18:11:50,,,,
3/8/2024,walmart,food,63.34,3/9/2024 19:41:09,,,,
3/11/2024,xfinity,tech,22.5,3/11/2024 1:11:19,,,,
3/13/2024,tax,study,48.43,3/13/2024 1:40:33,,,,
3/13/2024,gas bill,home,56.44,3/13/2024 13:48:38,,,,
3/14/2024,adapter display,tech,37.7,3/14/2024 14:20:47,,,,
3/14/2024,haircut,beauty,23,3/14/2024 18:14:01,,,,
3/16/2024,tax money order,study,23.1,3/16/2024 11:06:27,,,,
3/16/2024,tax mail,study,1.63,3/16/2024 11:48:59,,,,
3/16/2024,federal tax,study,86.5,3/16/2024 12:02:43,,,,
3/16/2024,air fryer,home,69,3/16/2024 12:14:11,,,,
3/16/2024,walmart,food,16.3,3/16/2024 12:15:00,,,,
3/19/2024,iftar uber,transport,2,3/19/2024 20:37:03,,,,
3/20/2024,chicken and beef sausage,food,9.7,3/20/2024 7:00:34,,,,
3/21/2024,walmart food,food,32.33,3/21/2024 7:21:57,,,,
3/21/2024,chatgpt plus,study,21.55,3/21/2024 15:55:11,,,,
3/22/2024,electric bill,home,23.12,3/22/2024 20:55:38,,,,
3/23/2024,chocolate,food,2.26,3/23/2024 5:18:57,,,,
3/25/2024,chocolate,food,2.26,3/25/2024 21:22:31,,,,
3/26/2024,rent,home,748.49,3/26/2024 18:30:56,,,,
3/26/2024,uber iftar,transport,1.62,3/26/2024 20:55:37,,,,
3/30/2024,shuttle,beauty,19.5,3/30/2024 16:48:51,,,,
3/31/2024,shop n go,food,15.61,3/31/2024 19:09:16,,,,
4/1/2024,uber iftaar,transport,2.18,4/1/2024 20:57:46,,,,
4/4/2024,medical center,study,15,4/4/2024 9:48:56,,,,
4/3/2024,chocolate,food,2.26,4/4/2024 13:58:03,,,,
4/5/2024,wendys,food,21.08,4/5/2024 15:11:54,,,,
4/5/2024,uber,transport,2.14,4/5/2024 21:01:07,,,,
4/6/2024,chocolate,food,4.73,4/6/2024 20:53:59,,,,
4/6/2024,grill food,food,22.72,4/6/2024 20:54:19,,,,
4/7/2024,mcdonalds,food,13.14,4/7/2024 18:37:16,,,,
4/7/2024,chocolate,food,2.26,4/7/2024 19:10:30,,,,
4/8/2024,saad salami,waste,8.7,4/8/2024 9:26:01,,,,
4/4/2024,allergy medicine,food,33.21,4/9/2024 11:19:22,,,,
4/4/2024,samsung charger,tech,20.64,4/9/2024 11:19:58,,,,
4/4/2024,walmart food,food,12.36,4/9/2024 11:21:11,,,,
4/9/2024,google fi,tech,24.5,4/9/2024 11:32:42,,,,
4/9/2024,cake,food,5,4/9/2024 23:14:02,,,,
4/9/2024,walmart mouse,tech,19.88,4/11/2024 7:43:00,,,,
4/9/2024,walmart grocery,food,18.36,4/11/2024 7:43:55,,,,
4/11/2024,gas bill,home,36.4,4/11/2024 8:21:48,,,,
4/11/2024,Toha bkash,waste,17.39,4/11/2024 10:28:00,,,,
4/11/2024,chips,food,1.55,4/11/2024 10:28:17,,,,
4/11/2024,campus foood,food,9.02,4/11/2024 12:45:53,,,,
4/11/2024,bi yearly bsauu,friend,10,4/11/2024 17:05:17,,,,
4/11/2024,m&m,food,1.85,4/11/2024 17:26:58,,,,
4/11/2024,pringles,food,4.32,4/11/2024 20:55:22,,,,
4/12/2024,walmart socks,beauty,14.98,4/12/2024 19:12:12,,,,
4/12/2024,cooking brush,home,3.97,4/12/2024 19:12:39,,,,
4/12/2024,walmart food,food,18.51,4/12/2024 19:13:26,,,,
4/14/2024,shop n go,food,19.95,4/14/2024 16:49:05,,,,
4/15/2024,walmart,food,11.24,4/15/2024 13:49:02,,,,
4/15/2024,campus food,food,9.02,4/15/2024 13:51:31,,,,
4/15/2024,chocolate,food,2.26,4/15/2024 21:48:51,,,,
4/16/2024,chocolate,food,3.72,4/16/2024 17:26:45,,,,
4/16/2024,mountain dew,food,11.32,4/17/2024 12:19:12,,,,
4/17/2024,campus food,food,9.02,4/17/2024 15:00:22,,,,
4/18/2024,campus food,food,8.26,4/18/2024 15:58:45,,,,
4/21/2024,badminton shuttle,beauty,20,4/21/2024 14:37:36,,,,
4/21/2024,chatgpt,study,21.55,4/21/2024 16:47:59,,,,
4/21/2024,7 11 chicken,food,3.88,4/21/2024 16:48:35,,,,
4/21/2024,rocky mountain power,home,16.38,4/21/2024 16:50:48,,,,
4/21/2024,campus food,food,9.02,4/21/2024 16:53:36,,,,
4/17/2024,7 eleven,food,13.54,4/21/2024 16:54:27,,,,
4/21/2024,cowboy hat,waste,17.99,4/21/2024 16:56:07,,,,
4/21/2024,samsung charger cable,tech,9.99,4/21/2024 17:02:16,,,,
4/21/2024,walmart grocery,food,41.95,4/21/2024 17:03:10,,,,
4/21/2024,7 elevent drinks,food,3.85,4/21/2024 17:07:01,,,,
4/22/2024,chips,food,3.2,4/22/2024 18:08:24,,,,
4/22/2024,campus food,food,6,4/22/2024 18:08:39,,,,
4/23/2024,campus food,food,9.02,4/23/2024 11:55:54,,,,
4/26/2024,rent,home,651.91,4/26/2024 14:00:12,,,,
4/23/2024,campus food,food,9.02,4/28/2024 19:56:28,,,,
4/30/2024,KFC,food,13.03,4/28/2024 19:56:56,,,,
4/23/2024,chocolate,food,2.26,4/28/2024 19:57:24,,,,
4/23/2024,instacart beef,food,56.66,4/28/2024 19:58:34,,,,
4/25/2024,badminton rent,beauty,1,4/28/2024 19:59:02,,,,
4/27/2024,chocolate,food,2.26,4/28/2024 19:59:28,,,,
4/27/2024,badminton rent,beauty,1,4/28/2024 19:59:48,,,,
4/28/2024,chocolate,food,2.26,4/28/2024 20:00:07,,,,
4/24/2024,walmart grocery,food,37.36,4/28/2024 20:03:06,,,,
4/26/2024,walmart grocery,food,32.13,4/28/2024 20:06:02,,,,
4/28/2024,badminton fix,beauty,28,4/28/2024 20:06:52,,,,
4/30/2024,campus food,food,10.89,4/30/2024 12:51:46,,,,
5/4/2024,mumtahin chicken share,food,-6.86,5/4/2024 10:55:43,,,,
4/29/2024,campus chocolate,food,1.86,5/4/2024 12:09:04,,,,
5/1/2024,walmart grocery,food,44.18,5/4/2024 12:14:09,,,,
5/4/2024,mumtahin banana share,food,-0.89,5/4/2024 12:42:53,,,,
5/3/2024,taaha mint mobile,wife,53.64,5/4/2024 12:45:26,,,,
5/7/2024,day pass,family,5,5/7/2024 18:20:29,,,,
5/8/2024,bed mattress cover,home,78,5/8/2024 12:04:58,,,,
5/4/2024,pendrive,tech,18.88,5/13/2024 11:45:37,,,,
5/4/2024,pizza for arafat vai,friend,9.26,5/13/2024 11:49:15,,,,
5/4/2024,walmart grocery,food,28.92,5/13/2024 11:49:54,,,,
5/5/2024,google fi,tech,24.47,5/13/2024 11:52:17,,,,
5/7/2024,sayeed chocolate,family,5.15,5/13/2024 11:58:30,,,,
5/8/2024,sayeed transit app,family,5,5/13/2024 11:59:01,,,,
5/8/2024,walmart,home,51.03,5/13/2024 12:10:06,,,,
5/8/2024,sayeed walmart grocery,family,20,5/13/2024 12:14:51,,,,
5/8/2024,curry connect sayeed,family,20,5/13/2024 12:15:17,,,,
5/8/2024,curry connect,food,20,5/13/2024 12:15:37,,,,
5/8/2024,gas bill for reaz vai,family,32,5/13/2024 12:16:12,,,,
5/9/2024,panda express,food,10,5/13/2024 12:17:27,,,,
5/9/2024,panda express sayeed,family,10.12,5/13/2024 12:17:45,,,,
5/9/2024,utah red butte garden sayeed,family,16,5/13/2024 12:18:24,,,,
5/9/2024,maverik water sayeed,family,4.11,5/13/2024 12:18:48,,,,
5/10/2024,natural history museum sayeed,family,22.95,5/13/2024 12:19:55,,,,
5/10/2024,natural history museum sayeed souvenier,family,8.57,5/13/2024 12:20:39,,,,
5/10/2024,panda express sayeed,family,10,5/13/2024 12:21:13,,,,
5/10/2024,panda express,food,9.68,5/13/2024 12:21:32,,,,
5/10/2024,gas sayeed,family,29.89,5/13/2024 12:22:34,,,,
5/11/2024,transit app sayeed,family,5,5/13/2024 12:23:04,,,,
5/12/2024,walmart grocery,food,23.38,5/13/2024 12:32:31,,,,
5/13/2024,campus food,food,9.02,5/13/2024 21:36:02,,,,
5/13/2024,taaha roaming,wife,12.88,5/13/2024 21:36:29,,,,
5/13/2024,tide detergent,home,21.49,5/13/2024 22:17:58,,,,
5/14/2024,taaha gp roaming,wife,7.87,5/14/2024 1:21:03,,,,
5/14/2024,detergent,home,21.49,5/14/2024 1:22:00,,,,
5/14/2024,walmart,food,48.09,5/18/2024 14:30:03,,,,
5/15/2024,vibrator taaha,beauty,51.68,5/18/2024 14:31:45,,,,
5/15/2024,lubricant,beauty,5.32,5/18/2024 14:32:23,,,,
5/15/2024,contraceptive gel,wife,12.63,5/18/2024 14:32:58,,,,
5/15/2024,walmart food,food,54,5/18/2024 14:34:08,,,,
5/16/2024,smith's flowers,wife,26.94,5/18/2024 14:35:01,,,,
5/16/2024,airport parking,transport,5,5/18/2024 14:35:20,,,,
5/17/2024,transit app taaha,transport,5,5/18/2024 14:35:49,,,,
5/17/2024,maverik chocolate,food,4.51,5/18/2024 14:36:33,,,,
5/17/2024,walmart food,food,35.11,5/18/2024 14:36:57,,,,
5/20/2024,",chips",food,2.79,5/20/2024 7:57:17,,,,
5/20/2024,taaha transit app,transport,2.5,5/20/2024 22:51:58,,,,
5/21/2024,utah transit,transport,2.5,5/21/2024 18:07:55,,,,
5/21/2024,rocky mountain power,home,13.45,5/21/2024 21:03:07,,,,
5/18/2024,chips,food,2.79,5/26/2024 18:10:05,,,,
5/20/2024,panda express taaha,wife,8.59,5/26/2024 18:10:45,,,,
5/20/2024,walmart grocery,food,20.44,5/26/2024 18:11:42,,,,
5/20/2024,walmart grocery,food,34.42,5/26/2024 18:12:05,,,,
5/21/2024,chatgpt,study,21.55,5/26/2024 18:13:15,,,,
5/22/2024,chips,food,2.77,5/26/2024 18:13:50,,,,
5/22/2024,hair cut,beauty,13.99,5/26/2024 18:14:25,,,,
5/23/2024,amazon mattress,home,179.43,5/26/2024 18:15:00,,,,
5/25/2024,chips,food,4.21,5/26/2024 18:16:12,,,,
5/25/2024,natural history museum,wife,20.95,5/26/2024 18:23:36,,,,
5/25/2024,biscuit,food,1.02,5/26/2024 18:23:55,,,,
5/26/2024,sunny side rent and deposit,home,516.77,5/26/2024 18:24:31,,,,
5/26/2024,walmart grocery,food,12.69,5/26/2024 18:25:03,,,,
4/24/2024,rent waste,waste,96.58,5/26/2024 18:26:46,,,,
5/27/2024,rent waste,waste,748.5,5/27/2024 13:17:15,,,,
2/8/2024,taaha ticket,wife,1251.75,5/27/2024 13:18:56,,,,
5/27/2024,taaha park,transport,2.5,5/27/2024 19:23:52,,,,
6/2/2024,furniture,home,20,6/2/2024 13:46:33,,,,
5/28/2024,taaha transit,transport,5,6/3/2024 12:58:32,,,,
5/29/2024,walmart order,food,155.28,6/3/2024 12:59:59,,,,
5/30/2024,instacart beef,food,48.06,6/3/2024 13:01:23,,,,
5/30/2024,chips,food,2.05,6/3/2024 13:01:58,,,,
5/30/2024,shop n go,food,27.5,6/3/2024 13:02:26,,,,
5/31/2024,walmart,food,28.68,6/3/2024 13:03:27,,,,
6/2/2024,taaha transit,transport,5,6/3/2024 13:03:55,,,,
6/2/2024,rancho market,food,0.74,6/3/2024 13:04:15,,,,
6/2/2024,shanashil grill,food,25.42,6/3/2024 13:04:47,,,,
6/3/2024,rent,home,905,6/12/2024 10:20:53,,,,
6/12/2024,mehedi and game night,friend,10,6/12/2024 10:23:33,,,,
6/4/2024,gregmat,wife,7.99,6/12/2024 10:25:09,,,,
6/8/2024,ocean city,food,70.58,6/12/2024 10:30:36,,,,
6/8/2024,walmart store,food,44.43,6/12/2024 10:31:15,,,,
6/4/2024,walmart,food,36.91,6/12/2024 10:36:03,,,,
6/6/2024,walmart,food,39.02,6/12/2024 10:36:52,,,,
6/9/2024,walmart,food,38.72,6/12/2024 11:04:58,,,,
6/8/2024,taaha transit,transport,5,6/12/2024 11:05:30,,,,
6/5/2024,google fi,tech,24.83,6/12/2024 11:06:47,,,,
6/12/2024,hisham halal beef,food,35.99,6/20/2024 14:41:33,,,,
6/20/2024,hangar,home,5,6/20/2024 18:15:16,,,,
6/15/2024,walmart body spray,beauty,5.78,6/23/2024 9:15:54,,,,
6/15/2024,walmart grinder,home,2.97,6/23/2024 9:16:18,,,,
6/15/2024,walmart grocery,food,59.64,6/23/2024 9:17:14,,,,
6/14/2024,smith's icecram,food,6.16,6/23/2024 9:22:06,,,,
6/17/2024,transit app,transport,2.5,6/23/2024 9:23:13,,,,
6/18/2024,kitchen scale,home,12.44,6/23/2024 9:25:07,,,,
6/18/2024,stapler walmart,home,3.92,6/23/2024 9:25:50,,,,
6/18/2024,walmart mug,home,1.12,6/23/2024 9:26:14,,,,
6/18/2024,walmart scissor set,home,5.96,6/23/2024 9:26:38,,,,
6/18/2024,walmart grocery,food,32.94,6/23/2024 9:27:40,,,,
6/18/2024,terraria,beauty,10.76,6/23/2024 9:29:05,,,,
6/27/2024,ielts register,wife,357.5,6/23/2024 9:30:35,,,,
6/20/2024,terraria apk,beauty,2.37,6/23/2024 9:33:02,,,,
6/26/2024,rent waste,waste,748.49,6/26/2024 11:34:31,,,,
6/25/2024,transit app,transport,2.5,6/26/2024 12:21:15,,,,
6/25/2024,amazon prime unknown payment,waste,5.99,6/26/2024 12:21:48,,,,
6/25/2024,chatgpt plus,study,21.55,6/26/2024 12:22:12,,,,
6/27/2024,walmart mattress cover,home,13.97,7/7/2024 11:18:50,,,,
6/27/2024,walmart grocery,food,78.75,7/7/2024 11:19:44,,,,
6/27/2024,amazon prime trial,wife,1.07,7/7/2024 11:21:38,,,,
6/27/2024,amazon adapter for taaha,wife,24.77,7/7/2024 11:22:46,,,,
6/27/2024,instacart ground beef and chicken,food,72.73,7/7/2024 11:24:10,,,,
6/29/2024,transit app,transport,5,7/7/2024 11:24:45,,,,
6/29/2024,shop n go,food,39.28,7/7/2024 11:25:34,,,,
6/29/2024,wendys,food,16.82,7/7/2024 11:26:02,,,,
6/29/2024,wendys,food,15.64,7/7/2024 11:26:31,,,,
7/4/2024,gregmat,waste,7.99,7/7/2024 11:27:05,,,,
7/4/2024,transit app taaha,transport,2.5,7/7/2024 11:27:32,,,,
7/5/2024,rent,home,945,7/7/2024 11:28:06,,,,
7/6/2024,transit app,transport,2.5,7/7/2024 11:28:53,,,,
7/6/2024,walmart grocery,food,205.12,7/7/2024 11:29:52,,,,
7/5/2024,google fi,tech,25.06,7/7/2024 12:22:51,,,,
7/9/2024,chips,food,2.77,7/16/2024 13:01:40,,,,
7/10/2024,candles,wife,7.92,7/16/2024 13:04:16,,,,
7/10/2024,walmart grocery,food,29.63,7/16/2024 13:04:58,,,,
7/10/2024,temu lights,wife,9.68,7/16/2024 13:05:35,,,,
7/12/2024,uber microwave,waste,7.72,7/16/2024 13:06:46,,,,
7/13/2024,taaha visit to red butte garden,transport,2.5,7/16/2024 13:07:56,,,,
7/13/2024,red butte garden,wife,16,7/16/2024 13:08:16,,,,
7/14/2024,samsung phone,tech,671.55,7/16/2024 13:09:04,,,,
7/15/2024,chicken instacart,food,69.97,7/16/2024 13:10:40,,,,
7/21/2024,table,home,15,7/21/2024 20:19:12,,,,
7/16/2024,Mumtahin fridge box,waste,9.69,7/22/2024 10:36:50,,,,
7/17/2024,Fedex tape,tech,4.3,7/22/2024 10:49:06,,,,
7/18/2024,Temu Home,home,13.36,7/22/2024 11:12:13,,,,
7/19/2024,mirror,home,7,7/22/2024 11:28:33,,,,
7/19/2024,coconut oil,wife,13.63,7/22/2024 11:28:59,,,,
7/19/2024,shower liner,home,2.97,7/22/2024 11:29:15,,,,
7/19/2024,walmart grocery,food,56.41,7/22/2024 11:29:54,,,,
7/20/2024,Transit app taaha,transport,5,7/22/2024 11:30:36,,,,
7/20/2024,taaha burger,food,7.11,7/22/2024 11:45:06,,,,
7/20/2024,target cutting board,home,6.44,7/22/2024 11:45:27,,,,
7/20/2024,chic fil nuggets,food,22.4,7/22/2024 11:45:50,,,,
7/29/2024,taaha transit app,transport,2.5,7/30/2024 14:05:32,,,,
7/22/2024,"command strip, bleach spray and shower curtain hook",home,10.5,7/30/2024 17:06:34,,,,
7/22/2024,cerave cream,beauty,14.97,7/30/2024 17:07:01,,,,
7/22/2024,grocery,food,14.24,7/30/2024 17:07:41,,,,
7/22/2024,taaha transit app,transport,2.5,7/30/2024 17:08:01,,,,
7/25/2024,openai chatgpt,study,21.55,7/30/2024 17:08:56,,,,
7/25/2024,funnel and battery,home,5.48,7/30/2024 17:10:23,,,,
7/25/2024,sunscreen,beauty,9.88,7/30/2024 17:10:50,,,,
7/25/2024,cheese cake for guest,friend,7.32,7/30/2024 17:11:15,,,,
7/25/2024,grocery,food,13.13,7/30/2024 17:12:14,,,,
7/27/2024,condom,beauty,7.51,7/30/2024 17:12:50,,,,
7/27/2024,walmart store patil and bedsheet,home,49.64,7/30/2024 17:15:19,,,,
7/29/2024,t mobile shift waste,waste,25,7/30/2024 17:15:45,,,,
7/29/2024,t mobile 1 month,wife,18.84,7/30/2024 17:16:18,,,,
7/30/2024,google voice,tech,10,7/30/2024 17:16:46,,,,
8/1/2024,rent,home,970,8/1/2024 15:20:45,,,,
7/31/2024,walmart food,food,35.13,8/1/2024 15:23:14,,,,
8/2/2024,salmon,food,18,8/3/2024 20:44:34,,,,
8/3/2024,uber indian fair,transport,3.79,8/3/2024 21:03:38,,,,
8/2/2024,birthday tour,transport,2.5,8/9/2024 8:26:31,,,,
8/2/2024,birthday food,food,15.82,8/9/2024 8:26:58,,,,
8/5/2024,Instacart fish,food,44.68,8/10/2024 9:33:10,,,,
8/8/2024,walmart grocery,food,36.27,8/10/2024 9:38:02,,,,
8/6/2024,walmart pregnancy check,waste,7.48,8/10/2024 9:49:29,,,,
8/3/2024,taaha transit app,transport,2.5,8/10/2024 9:50:01,,,,
8/17/2024,Temu rack,home,17.3,8/19/2024 12:40:18,,,,
8/15/2024,walmart grocery,food,25.34,8/19/2024 12:46:39,,,,
8/15/2024,walmart sunscreen,beauty,12.18,8/19/2024 12:46:55,,,,
8/15/2024,gold jewellery gift,wife,116.22,8/19/2024 12:49:18,,,,
8/15/2024,taaha gift waste,waste,233.97,8/19/2024 12:50:36,,,,
8/14/2024,taaha transit uta,transport,5,8/19/2024 12:51:29,,,,
8/14/2024,mcdonalds,food,10.82,8/19/2024 12:51:47,,,,
8/12/2024,great clips hair cut,beauty,18,8/19/2024 12:52:14,,,,
8/12/2024,shop n go,food,70.9,8/19/2024 12:52:44,,,,
8/12/2024,shop n go chanachur waste on friends,waste,4,8/19/2024 12:53:08,,,,
8/10/2024,madina market meat,food,46.17,8/19/2024 12:53:47,,,,
8/10/2024,chinatown vegetables,food,9.18,8/19/2024 12:54:13,,,,
8/10/2024,chinatown vegetables,food,1.69,8/19/2024 12:54:40,,,,
8/10/2024,dave's chicken,food,13.04,8/19/2024 12:55:08,,,,
8/20/2024,game fee,friend,10,8/20/2024 0:02:59,,,,
8/24/2024,taaha transit,transport,5,8/27/2024 13:37:18,,,,
8/24/2024,International student fee,study,153,8/27/2024 13:40:38,,,,
8/25/2024,chatgpt,study,21.55,8/27/2024 13:41:04,,,,
8/23/2024,temu mac cover,wife,7,8/27/2024 13:42:04,,,,
8/23/2024,temu mortar pestle,home,5.37,8/27/2024 13:42:34,,,,
8/21/2024,walmart grocery,food,38.96,8/27/2024 13:47:53,,,,
8/19/2024,taaha gym,wife,53.88,8/27/2024 13:48:25,,,,
8/10/2024,costco bad purchase,waste,10.29,8/28/2024 13:52:02,,,,
8/28/2024,taaha mint mobile,tech,53.69,8/29/2024 16:21:07,,,,
9/1/2024,rent,home,970,9/1/2024 9:13:33,,,,
8/30/2024,walmart clofenac and vaseline,beauty,14.36,9/1/2024 9:17:23,,,,
8/30/2024,walmart grocery,food,21.98,9/1/2024 9:18:06,,,,
9/3/2024,temu swim suit,wife,8.68,9/6/2024 11:20:51,,,,
9/3/2024,walmart grocery,food,37.22,9/6/2024 11:33:06,,,,
9/5/2024,vending kitkat,waste,1.85,9/6/2024 11:34:05,,,,
9/6/2024,instacart chicken,food,38.39,9/8/2024 13:05:56,,,,
9/6/2024,namecheap website,study,17.06,9/8/2024 13:06:39,,,,
9/6/2024,walmart grocery,food,24.35,9/8/2024 13:08:37,,,,
9/6/2024,walmart hacksaw,home,5.47,9/8/2024 13:09:10,,,,
9/6/2024,walmart lotion,beauty,6.98,9/8/2024 13:09:35,,,,
9/8/2024,bkash toha send,waste,19.32,9/8/2024 13:10:14,,,,
9/14/2024,uber to ielts,transport,19.99,9/14/2024 8:47:03,,,,
9/9/2024,taaha transit,transport,2.5,9/14/2024 8:47:40,,,,
9/9/2024,dave's hot chicken,food,19.01,9/14/2024 8:48:10,,,,
9/17/2024,walmart toothpaste,food,6.98,9/20/2024 12:19:05,,,,
9/17/2024,walmart grocery,food,30.37,9/20/2024 12:19:47,,,,
9/18/2024,walmart grocery,food,36.12,9/20/2024 12:20:31,,,,
9/14/2024,transit app,transport,2.5,9/20/2024 12:22:31,,,,
9/21/2024,taaha transit app,transport,5,9/23/2024 14:50:34,,,,
9/21/2024,five below shopping,wife,21.6,9/23/2024 14:51:03,,,,
9/21/2024,sierra shopping,wife,80.41,9/23/2024 14:52:33,,,,
9/21/2024,target shopping,wife,18.23,9/23/2024 14:53:12,,,,
9/20/2024,walmart grocery,food,36.39,9/23/2024 14:54:49,,,,
9/24/2024,taaha money send,waste,41.91,9/24/2024 12:35:56,,,,
9/25/2024,chatgpt,study,21.55,9/27/2024 12:36:06,,,,
9/28/2024,taaha transit app,transport,5,9/30/2024 14:14:31,,,,
9/28/2024,chinatown grocery,food,74.94,9/30/2024 14:15:06,,,,
9/29/2024,condom,beauty,18.21,9/30/2024 14:15:34,,,,
9/28/2024,dollar tree kitchen materials,home,5.36,9/30/2024 14:16:26,,,,
9/28/2024,TJmax home items,home,10,9/30/2024 14:17:17,,,,
9/28/2024,TJMaxx home items,home,12.6,9/30/2024 14:17:38,,,,
9/28/2024,Ross gift,friend,10.76,9/30/2024 14:19:11,,,,
10/6/2024,minecraft ios,tech,7.53,10/7/2024 13:48:00,,,,
10/5/2024,taaha jacket from ross after refund,wife,47.89,10/7/2024 13:49:24,,,,
10/5/2024,chinatown fish,food,40.71,10/7/2024 13:50:22,,,,
10/3/2024,vending machine cookies,food,1.85,10/7/2024 13:53:03,,,,
10/3/2024,vending machine arman vai,friend,1.85,10/7/2024 13:53:38,,,,
10/2/2024,rent sunnyside,home,970,10/7/2024 13:54:07,,,,
10/3/2024,temu home items,home,7.18,10/7/2024 13:55:30,,,,
10/1/2024,walmart,home,14.98,10/7/2024 13:57:36,,,,
10/1/2024,walmart grocery,food,21.82,10/7/2024 13:58:08,,,,
9/19/2024,arafat vai birthday,friend,9.75,10/10/2024 14:17:58,,,,
10/19/2024,water flask,home,7,10/21/2024 16:56:03,,,,
10/18/2024,ross gift,friend,14,10/21/2024 16:56:36,,,,
10/18/2024,dollar tree gift bag,friend,1.35,10/21/2024 16:57:04,,,,
10/18/2024,houston hot chicken,food,13.6,10/21/2024 16:57:33,,,,
10/12/2024,shop n go,food,11.31,10/21/2024 16:58:23,,,,
10/12/2024,instacart chicken,food,41.28,10/21/2024 17:07:56,,,,
10/9/2024,taaha transit app,transport,5,10/21/2024 17:08:35,,,,
10/22/2024,pocket money,wife,100,10/22/2024 14:03:37,,,,
10/25/2024,ross gift for jainta,friend,7.53,10/28/2024 16:00:39,,,,
10/26/2024,gift bag,friend,1.1,10/28/2024 16:01:22,,,,
10/26/2024,walmart chocolate,food,1.48,10/28/2024 16:01:37,,,,
10/25/2024,chatgpt,study,21.55,10/28/2024 16:01:58,,,,
10/22/2024,walmart lotion,beauty,8.98,10/28/2024 16:03:40,,,,
10/22/2024,walmart grocery,food,25.9,10/28/2024 16:04:29,,,,
10/15/2024,arafat vai pepsi,friend,5.36,10/28/2024 16:06:32,,,,
10/15/2024,walmart dinnerset,home,10.97,10/28/2024 16:07:17,,,,
10/15/2024,walmart grocery,food,21.8,10/28/2024 16:07:56,,,,
10/10/2024,walmart blender,home,29.4,10/28/2024 16:10:32,,,,
10/10/2024,walmart,food,10.46,10/28/2024 16:11:03,,,,
10/28/2024,cookies,food,1.85,11/3/2024 11:08:15,,,,
10/29/2024,temu mug,home,9.62,11/3/2024 11:08:41,,,,
10/29/2024,walmart grocery,food,31.5,11/3/2024 11:09:33,,,,
10/31/2024,walmart grocery,food,37.44,11/3/2024 11:11:12,,,,
11/1/2024,rent,home,970,11/3/2024 11:11:35,,,,
11/3/2024,amazon au gift,waste,35.99,11/3/2024 11:13:26,,,,
11/2/2024,walmart grocery,food,30.08,11/3/2024 11:19:44,,,,
11/2/2024,walmart forceps,home,5.98,11/3/2024 11:20:04,,,,
11/2/2024,houston hot chicken,food,15.21,11/3/2024 11:20:45,,,,
11/4/2024,biscuits,food,1.85,11/10/2024 12:44:36,,,,
11/6/2024,international night ticket,wife,10,11/10/2024 12:44:59,,,,
11/6/2024,walmart gift,friend,5.96,11/10/2024 12:47:43,,,,
11/6/2024,walmart grocery,food,32.28,11/10/2024 12:48:11,,,,
11/6/2024,temu order,home,0.76,11/10/2024 12:51:18,,,,
12/1/2024,rent,home,970,12/2/2024 11:13:47,,,,
11/29/2024,mint mobile taaha,wife,202.06,12/2/2024 11:14:27,,,,
11/28/2024,mcdonalds,food,10.976,12/2/2024 11:15:30,,,,
11/28/2024,mcdonalds,family,16.46,12/2/2024 11:16:12,,,,
11/26/2024,parking for sayeed,transport,3,12/2/2024 11:17:51,,,,
11/25/2024,7-11 chicken,family,11.59,12/2/2024 11:18:36,,,,
11/25/2024,chatgpt,study,21.55,12/2/2024 11:19:35,,,,
11/20/2024,transit app,transport,2.5,12/2/2024 11:20:05,,,,
11/21/2024,uber from airport,food,24.82,12/2/2024 11:20:36,,,,
11/17/2024,light bulbs,home,4,12/2/2024 11:21:06,,,,
11/16/2024,transit app,transport,5,12/2/2024 11:21:34,,,,
11/16/2024,namaste nanglo,food,48.39,12/2/2024 11:22:27,,,,
11/16/2024,chinatown,food,94.44,12/2/2024 11:22:47,,,,
11/16/2024,shahrazad,food,94.99,12/2/2024 11:23:18,,,,
11/16/2024,walmart,food,37.2,12/2/2024 11:30:53,,,,
11/18/2024,light,home,14.88,12/2/2024 11:31:45,,,,
11/18/2024,walmart food,food,18.4,12/2/2024 11:32:33,,,,
11/24/2024,walmart pillow,home,6.88,12/2/2024 11:34:09,,,,
11/24/2024,walmart food,food,28.88,12/2/2024 11:34:48,,,,
11/26/2024,walmart food,food,33.89,12/2/2024 11:35:50,,,,
11/30/2024,walmart food,food,35.67,12/2/2024 11:36:52,,,,
12/4/2024,taaha admission form,wife,65,12/23/2024 11:37:58,,,,
12/4/2024,walmart food,food,36.1,12/23/2024 11:40:08,,,,
12/5/2024,uber,transport,12.71,12/23/2024 11:41:56,,,,
12/7/2024,walmart,food,37.69,12/23/2024 11:43:02,,,,
12/11/2024,subway sandwich,food,11.95,12/23/2024 11:46:39,,,,
12/13/2024,Taka sent for doa,waste,72.58,12/23/2024 11:47:41,,,,
12/15/2024,Ogden Tacos,food,4.86,12/23/2024 11:48:17,,,,
12/17/2024,walmart grocery,food,40.73,12/23/2024 11:50:09,,,,
12/17/2024,walmart,food,34.85,12/23/2024 11:50:59,,,,
12/20/2024,shop n go ghee,food,20.59,12/23/2024 11:56:02,,,,
12/20/2024,burger king,food,9.77,12/23/2024 11:56:24,,,,
12/23/2024,bsauu contribution,friend,15,12/23/2024 11:57:19,,,,
6/22/2024,hisham unknown walmart cost,food,8.78,12/23/2024 12:03:47,,,,
10/8/2024,hisham walmart plus,food,4.55,12/23/2024 12:04:33,,,,
8/18/2024,google fi,tech,27.6,12/23/2024 12:06:07,,,,
9/18/2024,google fi,tech,25.8,12/23/2024 12:06:31,,,,
10/25/2024,google fi,tech,24.87,12/23/2024 12:06:56,,,,
11/17/2024,google fi,tech,24.95,12/23/2024 12:07:25,,,,
12/17/2024,google fi,tech,25.04,12/23/2024 12:07:49,,,,
12/18/2024,Best buy adapter professor funded,tech,4.1,1/21/2025 10:25:18,,,,
12/25/2024,chatgpt,study,21.55,1/21/2025 10:26:31,,,,
12/27/2024,cafe mamai,food,13.05,1/21/2025 10:27:06,,,,
1/27/2025,walmart food and lotion,food,41.94,1/21/2025 10:31:01,,,,
12/23/2024,walmart grocery,food,36.18,1/21/2025 10:32:10,,,,
12/29/2024,walmart grocery,food,34.86,1/21/2025 10:34:35,,,,
1/1/2025,sunnyside rent,home,970,1/21/2025 10:35:06,,,,
1/4/2025,walmart food,food,36.31,1/21/2025 10:36:49,,,,
1/5/2025,dave's hot chicken,food,19.01,1/21/2025 10:37:46,,,,
1/8/2025,taaha send money to bd,waste,42.97,1/21/2025 10:38:19,,,,
1/10/2025,walmart food,food,36.02,1/21/2025 10:39:18,,,,
1/10/2025,international fee,study,153,1/21/2025 10:40:18,,,,
1/14/2025,instacart chicken,food,32.25,1/21/2025 10:42:19,,,,
1/15/2025,walmart grocery,food,35.76,1/21/2025 10:44:11,,,,
1/18/2025,walmart grocery,food,36.92,1/21/2025 10:45:23,,,,
1/19/2025,smiths coconut water,food,1.84,1/21/2025 10:46:08,,,,
1/16/2025,kazi noshin walmart,waste,32,1/21/2025 10:50:53,,,,
1/22/2025,walmart grocery,food,31.24,2/6/2025 21:24:40,,,,
1/24/2025,walmart grocery,food,36.94,2/6/2025 21:25:36,,,,
1/25/2025,chatgpt,study,21.65,2/6/2025 21:26:00,,,,
1/26/2025,texas hot chicken,food,4.55,2/6/2025 21:26:34,,,,
1/26/2025,icecream,food,4.58,2/6/2025 21:26:55,,,,
1/31/2025,walmart grocery,food,36.1,2/6/2025 21:27:42,,,,
2/3/2025,chinatown,food,92.81,2/6/2025 21:28:07,,,,
2/3/2025,namaste nanglo,food,42.16,2/6/2025 21:28:34,,,,
2/5/2025,rent,home,970,2/6/2025 21:28:54,,,,
2/5/2025,ross shower caddy,home,11.9,2/6/2025 21:29:30,,,,
1/25/2025,wife pocket money,wife,100,2/6/2025 21:34:16,,,,
12/25/2024,wife pocket money,wife,100,2/6/2025 21:34:37,,,,
11/25/2024,pocket,wife,100,2/6/2025 21:36:01,,,,
2/16/2025,shuttle,beauty,42,2/16/2025 16:39:12,,,,
2/14/2025,valentine gift,wife,180,2/16/2025 16:39:36,,,,
2/6/2025,walmart grocery,food,34.95,2/18/2025 14:54:49,,,,
2/7/2025,doctor,food,15,2/18/2025 14:55:16,,,,
2/6/2025,madsen pharmacy,food,11.33,2/18/2025 14:55:59,,,,
2/7/2025,cafe mamai,food,13.05,2/18/2025 14:56:19,,,,
2/7/2025,boba tea,food,7.58,2/18/2025 14:56:37,,,,
2/14/2025,hisham eliza gift,friend,4.98,2/18/2025 14:57:44,,,,
2/13/2025,walmart grocery,food,31.55,2/18/2025 14:58:17,,,,
2/14/2025,valentine's rose,wife,19.49,2/18/2025 14:58:53,,,,
2/15/2025,Ulta beauty,wife,35.68,2/18/2025 14:59:26,,,,
2/15/2025,Ross chocolate,food,5.35,2/18/2025 14:59:47,,,,
2/16/2025,walmart grocery,food,35.97,2/18/2025 15:00:35,,,,
2/17/2025,ross biscuit,food,5.14,2/18/2025 15:01:04,,,,
2/20/2025,tello,tech,8.35,2/28/2025 12:33:51,,,,
2/25/2025,chatgpt,tech,21.65,2/28/2025 12:34:48,,,,
2/25/2025,chips,food,2.75,2/28/2025 12:35:24,,,,
2/28/2025,canteen food,food,11.97,2/28/2025 12:35:55,,,,
2/20/2025,walmart grocery,food,36.87,3/3/2025 13:46:50,,,,
2/23/2025,walmart grocery,food,38.8,3/3/2025 13:47:19,,,,
2/25/2025,walmart grocery,food,38.26,3/3/2025 13:48:15,,,,
2/28/2025,kafe mamai,food,28.28,3/3/2025 13:48:43,,,,
3/1/2025,rent,home,970,3/3/2025 13:49:01,,,,
2/25/2025,taaha pocket money,wife,100,3/3/2025 13:49:26,,,,
3/3/2025,sprintax,study,54.07,3/3/2025 13:49:51,,,,
3/7/2025,tax,study,79.35,3/12/2025 13:57:40,,,,
3/7/2025,envelopes tax,study,5.41,3/12/2025 14:01:29,,,,
3/26/2025,taaha pocket money,wife,100,3/26/2025 9:59:59,,,,
3/20/2025,smiths,food,3.08,3/26/2025 10:05:52,,,,
3/20/2025,icecream,friend,6.16,3/26/2025 10:06:23,,,,
3/21/2025,tello,tech,5.1,3/26/2025 10:08:17,,,,
3/21/2025,toha eid,waste,40.98,3/26/2025 10:08:53,,,,
3/23/2025,houston chicken,food,15.21,3/26/2025 10:09:24,,,,
3/23/2025,walmart store,food,6.78,3/26/2025 10:09:52,,,,
3/25/2025,chatgpt,study,21.65,3/26/2025 10:10:13,,,,
3/26/2025,hair cut,beauty,23,3/26/2025 10:10:43,,,,
3/30/2025,wife eid,wife,200,3/30/2025 12:17:19,,,,
3/30/2025,uber,transport,20.84,3/31/2025 10:32:56,,,,
4/1/2025,hospital,beauty,15,4/1/2025 9:19:17,,,,
3/31/2025,ross gift,friend,12.97,4/1/2025 9:20:59,,,,
4/4/2025,saad bkash,family,16.39,4/4/2025 13:58:31,,,,
4/4/2025,tahmid tahsina bkash,family,57.37,4/4/2025 13:59:07,,,,
4/1/2025,rent,home,970,4/4/2025 13:59:58,,,,
4/1/2025,walmart,food,37.65,4/4/2025 14:01:47,,,,
4/3/2025,walmart,food,47.58,4/4/2025 14:02:54,,,,
4/3/2025,tax mail,study,1.5,4/4/2025 14:03:27,,,,
4/2/2025,panda express,food,12.35,4/4/2025 14:03:59,,,,
4/14/2025,sayeed zelle,family,100,4/14/2025 12:32:26,,,,
4/24/2025,waste,waste,4.11,4/25/2025 15:56:34,,,,
4/4/2025,camera stand,home,22.13,4/30/2025 13:08:50,,,,
4/9/2025,fedex driving license,transport,1.37,4/30/2025 13:12:11,,,,
4/9/2025,driving license taaha,transport,19,4/30/2025 13:13:21,,,,
4/9/2025,driving license mahathir,transport,32,4/30/2025 13:14:15,,,,
4/9/2025,houston texas chicken,food,19.55,4/30/2025 13:14:44,,,,
4/29/2025,uber eats,food,18.09,4/30/2025 13:15:25,,,,
4/27/2025,chips,food,4.11,4/30/2025 13:15:51,,,,
4/26/2025,namaste nanglo,food,8.22,4/30/2025 13:16:23,,,,
4/26/2025,rancho orange,food,1.37,4/30/2025 13:16:52,,,,
4/22/2025,madina market,food,31.63,4/30/2025 13:18:04,,,,
4/22/2025,madina market,food,21.85,4/30/2025 13:18:29,,,,
4/21/2025,uber eats,food,23.14,4/30/2025 13:19:01,,,,
4/20/2025,tello,tech,5.1,4/30/2025 13:19:23,,,,
4/20/2025,shop n go,food,40.02,4/30/2025 13:19:50,,,,
4/19/2025,taaha visa interview,wife,185,4/30/2025 13:20:24,,,,
4/19/2025,taaha sevis fee,wife,350,4/30/2025 13:21:32,,,,
4/18/2025,uber eats,food,20.26,4/30/2025 13:24:27,,,,
4/10/2025,laptop bag,tech,32.46,4/30/2025 13:25:18,,,,
4/30/2025,walmart grocery,food,35.28,4/30/2025 13:26:54,,,,
4/20/2025,walmart,food,78.76,4/30/2025 13:32:01,,,,
4/25/2025,walmart,food,23.09,4/30/2025 13:33:20,,,,
4/16/2025,walmart,food,36.78,4/30/2025 13:34:15,,,,
4/13/2025,walmart,food,40.4,4/30/2025 13:35:05,,,,
4/10/2025,walmart,food,44.24,4/30/2025 13:35:46,,,,
4/5/2025,walmart,food,46.35,4/30/2025 13:36:41,,,,
4/4/2025,walmart,food,43.46,4/30/2025 13:37:31,,,,
5/27/2025,taaha pocket money,wife,100,5/27/2025 10:42:12,,,,
5/27/2025,moab tour,beauty,58.76,5/27/2025 10:43:44,,,,
5/1/2025,rent,home,970,6/1/2025 10:39:46,,,,
5/1/2025,vending machine,food,1.6,6/1/2025 10:40:19,,,,
5/2/2025,vending machine,food,1.6,6/1/2025 10:40:40,,,,
5/3/2025,chintatown,food,68.36,6/1/2025 10:41:07,,,,
5/3/2025,chintatown cake,food,7.62,6/1/2025 10:41:31,,,,
5/3/2025,walmart by chinese friend,food,27.03,6/1/2025 10:42:53,,,,
5/3/2025,birthday cake,friend,10.6,6/1/2025 10:43:23,,,,
4/22/2025,taaha pocket money,wife,100,6/1/2025 10:44:16,,,,
5/5/2025,7 eleven food,food,4.32,6/1/2025 10:44:46,,,,
5/8/2025,ross shoe my,home,21.64,6/1/2025 10:45:23,,,,
5/10/2025,namaste nanglo,food,7.18,6/1/2025 10:45:59,,,,
5/10/2025,shanasheel grill,food,22.72,6/1/2025 10:46:26,,,,
5/13/2025,hisham gift,friend,9,6/1/2025 10:48:18,,,,
5/14/2025,fedex lamination,wife,44.65,6/1/2025 10:48:42,,,,
5/17/2025,panda express,food,16.06,6/1/2025 10:49:01,,,,
5/18/2025,KFC,food,10.9,6/1/2025 10:49:31,,,,
5/18/2025,7 eleven,food,17.5,6/1/2025 10:50:06,,,,
5/20/2025,tello sim,tech,5.1,6/1/2025 10:50:30,,,,
5/21/2025,vending machine,food,1.85,6/1/2025 10:51:06,,,,
5/20/2025,international fee,study,153,6/1/2025 10:51:33,,,,
5/22/2025,kurbani taaha,wife,98.36,6/1/2025 10:52:04,,,,
5/22/2025,vending machine,food,1.85,6/1/2025 10:52:37,,,,
5/25/2025,tahmid birthday,family,16.39,6/1/2025 10:53:16,,,,
5/31/2025,red butte fridge magnet,beauty,7.52,6/1/2025 10:54:05,,,,
5/25/2025,fridge magnet,beauty,3.74,6/1/2025 10:54:42,,,,
5/26/2025,dave's hot chicken,food,15.71,6/1/2025 10:55:04,,,,
6/1/2025,rent,home,970,6/1/2025 10:55:22,,,,
5/31/2025,tracy aviary fridge magnet,beauty,9.73,6/1/2025 10:55:53,,,,
5/31/2025,kafe mamai,food,13.05,6/1/2025 10:56:12,,,,
5/24/2025,museum fridge magnet,beauty,5.95,6/1/2025 10:57:09,,,,
5/27/2025,walmart grocery,food,36.33,6/1/2025 10:59:40,,,,
5/22/2025,walmart grocery,food,39.1,6/1/2025 11:00:51,,,,
5/18/2025,cockroach killer,home,8.93,6/1/2025 11:01:53,,,,
5/18/2025,walmart grocery,food,48.6,6/1/2025 11:03:23,,,,
5/12/2025,walmart grocery,food,44.98,6/1/2025 11:07:10,,,,
5/9/2025,epoxy glue,tech,15.8,6/1/2025 11:14:17,,,,
5/4/2025,walmart grocery,food,42.55,6/1/2025 11:15:46,,,,
1/16/2025,google fi,tech,24.89,6/1/2025 11:19:54,,,,
2/17/2025,google fi,tech,24.89,6/1/2025 11:20:45,,,,
3/19/2025,google fi,tech,24.91,6/1/2025 11:21:17,,,,
4/19/2025,google fi,tech,24.73,6/1/2025 11:21:40,,,,
5/17/2025,google fi,tech,24.28,6/1/2025 11:22:14,,,,
6/28/2025,Taaha USCIS,wife,2385,6/28/2025 12:38:11,,,,
6/27/2025,Cricket jersey and fee,beauty,16.1,6/28/2025 12:38:39,,,,
6/25/2025,chatgpt,study,1.65,6/28/2025 12:39:14,,,,
6/22/2025,chinatown share of June,food,29.45,6/28/2025 12:39:43,,,,
6/19/2025,Tello sim,tech,5.1,6/28/2025 12:40:08,,,,
6/1/2025,walmart,food,40.48,6/28/2025 12:41:52,,,,
6/7/2025,taaha eid salami,wife,100,6/28/2025 12:45:14,,,,
6/7/2025,walmart grocery,food,29.49,6/28/2025 12:47:38,,,,
6/7/2025,great clips haircut,beauty,19,6/28/2025 12:48:02,,,,
6/8/2025,target chocolate for safi mama wife,friend,7.2,6/28/2025 12:48:22,,,,
6/9/2025,walmart,food,42.78,6/28/2025 12:50:00,,,,
6/10/2025,walmart iron,home,12.78,6/28/2025 12:51:10,,,,
6/10/2025,walmart grocery,food,27.23,6/28/2025 12:51:51,,,,
6/17/2025,Taaha sock,wife,9.97,6/28/2025 12:53:59,,,,
6/17/2025,walmart grocery,food,32.46,6/28/2025 12:54:32,,,,
6/18/2025,walmart grocery,food,49.36,6/28/2025 12:55:34,,,,
6/20/2025,taaha lock,wife,7.99,6/28/2025 12:56:25,,,,
6/20/2025,walmart grocery,food,34.13,6/28/2025 12:56:57,,,,
6/22/2025,namaste nanglo,food,30.85,6/28/2025 12:57:56,,,,
6/22/2025,corn dog chintatown,food,4.97,6/28/2025 12:58:35,,,,
6/22/2025,thai better,food,12.84,6/28/2025 12:58:57,,,,
6/27/2025,vending machine,food,1.85,6/28/2025 12:59:34,,,,
6/26/2025,pizza for taaha,food,11.35,6/28/2025 13:00:07,,,,
6/28/2025,walmart oil container,home,7.99,6/28/2025 13:01:47,,,,
6/28/2025,walmart grocery,food,44.36,6/28/2025 13:02:28,,,,
7/1/2025,chinatown share of June,food,101.45,6/28/2025 13:10:14,,,,
8/1/2025,chinatown share of June,food,49.09,6/28/2025 13:10:52,,,,
7/1/2025,Sutapa Cake,friend,10.6,7/2/2025 14:07:31,,,,
7/1/2025,rent,home,1010,7/2/2025 14:07:52,,,,
7/1/2025,taaha three piece,wife,90.44,7/2/2025 14:08:51,,,,
7/3/2025,walmart,food,43.5,7/3/2025 10:31:08,,,,
7/3/2025,ross shoe,wife,43.37,7/3/2025 21:28:31,,,,
7/5/2025,snickers,food,1.85,7/5/2025 18:02:32,,,,
7/4/2025,walmart grocery,food,38.87,7/5/2025 18:04:01,,,,
7/6/2025,Corn dog,food,6.92,7/6/2025 20:54:34,,,,
7/6/2025,coconut water,food,2.05,7/6/2025 20:55:05,,,,
6/1/2025,Google Fi,tech,24.14,7/7/2025 12:59:53,,,,
7/8/2025,Walmart order,food,38.68,7/8/2025 10:54:01,,,,
7/8/2025,university store sandwitch,food,4.32,7/8/2025 16:45:42,,,,
7/8/2025,starbucks campus,food,10.18,7/8/2025 18:21:24,,,,
7/9/2025,taaha dress,wife,70,7/9/2025 10:54:55,,,,
7/13/2025,bhansa ghar,food,21.84,7/13/2025 13:23:39,,,,
7/13/2025,fridge magnet,beauty,5.4,7/13/2025 17:11:17,,,,
7/13/2025,Cheesecake factory,food,14.17,7/13/2025 20:20:01,,,,
7/13/2025,panda express,food,12.81,7/13/2025 20:50:31,,,,
7/13/2025,uber,transport,10.85,7/13/2025 22:52:35,,,,
7/15/2025,taaha lawyer sharon,waste,500,7/15/2025 13:17:26,,,,
7/15/2025,temu order,home,23.13,7/15/2025 15:41:40,,,,
7/19/2025,tello,tech,5.14,7/19/2025 7:41:19,,,,
7/19/2025,taaha eye doctor,wife,104,7/19/2025 17:01:01,,,,
7/21/2025,google fi,tech,24.06,7/21/2025 9:47:56,,,,
7/28/2025,walmart order,food,36.32,7/29/2025 8:33:04,,,,
7/28/2025,nadib wife gift,food,6.77,7/29/2025 8:33:49,,,,
7/29/2025,chips,food,2.75,7/29/2025 16:28:31,,,,
7/21/2025,chatgpt,study,1.69,7/29/2025 16:29:56,,,,
8/1/2025,rent,home,1010,8/1/2025 9:28:45,,,,
8/2/2025,Badminton shuttle,beauty,25,8/2/2025 15:15:59,,,,
8/1/2025,walmart,food,49.51,8/7/2025 14:48:41,,,,
8/1/2025,walmart,food,45.33,8/7/2025 14:49:24,,,,
8/7/2025,walmart,food,53.31,8/7/2025 14:50:12,,,,
8/10/2025,chinatown,food,21.21,8/10/2025 19:36:35,,,,
8/10/2025,namaste,food,27.63,8/10/2025 19:37:03,,,,
8/10/2025,walmart,food,49.46,8/10/2025 19:56:45,,,,
8/16/2025,walmart,food,41.91,8/16/2025 18:49:13,,,,
8/15/2025,driving school,transport,375,8/16/2025 18:49:53,,,,
8/12/2025,co pilot,tech,10,8/16/2025 18:50:15,,,,
8/17/2025,saffron valley,food,38.07,8/17/2025 19:40:40,,,,
8/17/2025,google fi,tech,26.17,8/17/2025 19:42:22,,,,
8/17/2025,tello,tech,5.14,8/18/2025 19:46:55,,,,
8/19/2025,chips,food,1.6,8/19/2025 19:01:41,,,,
8/23/2025,taaha back seat observation,wife,5,8/20/2025 10:42:16,,,,
8/20/2025,walmart,food,38.8,8/20/2025 22:23:30,,,,
8/22/2025,costco khashi,food,26.77,8/22/2025 20:57:01,,,,
8/23/2025,ravket,beauty,26.5,8/23/2025 16:21:59,,,,
8/24/2025,Walmart,food,36.79,8/24/2025 18:55:52,,,,
8/25/2025,chips,friend,2.22,8/25/2025 12:44:18,,,,
8/29/2025,walmart,food,39.86,8/29/2025 8:36:09,,,,
8/29/2025,walmart,food,43.52,8/29/2025 8:36:55,,,,
8/30/2025,gift grip,friend,1.5,8/30/2025 17:35:49,,,,
8/30/2025,shuttle,beauty,25,8/30/2025 17:36:41,,,,
8/30/2025,walmart,food,37.08,8/30/2025 20:10:37,,,,
9/1/2025,rent,home,1010,9/1/2025 11:55:06,,,,
9/3/2025,deer creek,beauty,15.2,9/3/2025 5:39:35,,,,
9/3/2025,deer creek,wife,15.2,9/3/2025 5:39:55,,,,
9/6/2025,Namecheap,study,18.68,9/6/2025 11:30:58,,,,
9/5/2025,Chocolate vending machine,food,1.85,9/6/2025 21:25:11,,,,
9/7/2025,walmart,food,45.07,9/7/2025 21:28:41,,,,
9/8/2025,vending machine,food,15,9/8/2025 19:28:08,,,,
9/10/2025,Walmart,food,41.02,9/10/2025 17:41:54,,,,
9/12/2025,hair cut,beauty,21,9/12/2025 12:42:09,,,,
9/15/2025,driving test,transport,50,9/15/2025 17:31:38,,,,
9/15/2025,Walmart,food,44.4,9/15/2025 18:56:02,,,,
9/17/2025,tello,tech,5.14,9/17/2025 8:34:29,,,,
9/16/2025,chips,food,2.75,9/17/2025 8:36:37,,,,
9/18/2025,carbon fiber shuttle,beauty,30,9/18/2025 20:39:54,,,,
9/18/2025,walmart,food,39.46,9/19/2025 9:07:53,,,,
9/23/2025,walmart,food,42.67,9/23/2025 21:11:19,,,,
9/24/2025,walmart,food,43.73,9/24/2025 19:49:25,,,,
9/25/2025,Picnic,beauty,20,9/25/2025 11:50:20,,,,
9/26/2025,driving test,transport,50,9/26/2025 18:52:18,,,,
9/28/2025,walmart,food,42.09,9/28/2025 9:44:42,,,,
9/28/2025,filter,food,12.04,9/28/2025 18:28:35,,,,
10/1/2025,rent,home,1010,10/1/2025 9:01:09,,,,
10/1/2025,chips,food,2.42,10/1/2025 12:21:31,,,,
10/2/2025,walmart,food,37.5,10/1/2025 20:19:08,,,,
10/2/2025,walmart,food,46.27,10/2/2025 23:11:23,,,,
10/4/2025,chinatown,food,13.87,10/4/2025 8:13:01,,,,
10/4/2025,namaste nanglo,food,57.8,10/4/2025 12:04:19,,,,
10/4/2025,chintatown,food,93.95,10/4/2025 12:05:19,,,,
10/5/2025,walmart,food,46.81,10/5/2025 16:50:15,,,,
10/7/2025,Chocolate,food,1.85,10/7/2025 10:30:21,,,,
10/7/2025,Udemy,friend,20,10/7/2025 10:31:08,,,,
10/8/2025,walmart,food,55.72,10/8/2025 22:44:30,,,,
10/11/2025,walmart,food,34.68,10/11/2025 12:01:17,,,,
10/9/2025,chocolate,food,1.85,10/11/2025 12:02:38,,,,
10/16/2025,walmart,food,37.73,10/16/2025 20:16:52,,,,
10/17/2025,tello,tech,5.14,10/17/2025 9:18:46,,,,
10/19/2025,walmart,food,50.08,10/19/2025 13:42:47,,,,
10/19/2025,labiba apu cake,friend,6.52,10/19/2025 14:17:30,,,,
10/19/2025,neighbour car parking,friend,3,10/19/2025 22:59:06,,,,
10/23/2025,walmart,food,37.45,10/24/2025 11:03:49,,,,
10/26/2025,walmart,food,40.79,10/26/2025 10:48:46,,,,
10/26/2025,costco,food,82.04,10/27/2025 18:27:20,,,,
10/30/2025,walmart,food,45.93,11/1/2025 10:43:33,,,,
11/1/2025,rent,home,1010,11/1/2025 10:45:38,,,,
11/5/2025,hair cut,food,23,11/6/2025 11:11:20,,,,
11/5/2025,snacks and battery,food,16.23,11/6/2025 11:11:44,,,,
11/7/2025,walmart,food,36.63,11/7/2025 9:20:21,,,,
11/8/2025,walmart,food,54.08,11/8/2025 22:00:40,,,,
11/9/2025,docker course,friend,10.99,11/10/2025 11:23:35,,,,
11/7/2025,madsen pharmacy,wife,3.36,11/10/2025 11:24:10,,,,
11/15/2025,walmart,food,72.23,11/15/2025 8:28:33,,,,
11/20/2025,walmart,food,39.23,11/20/2025 23:53:08,,,,
11/21/2025,walmart,food,51.07,11/21/2025 22:46:48,,,,
11/22/2025,WALMART,food,24.07,11/22/2025 10:28:36,,,,
26 October 2023,pizza,food,15.69,,,,,
26 October 2023,campus food,food,10.89,,,,,
26 October 2023,rent,home,748.49,,,,,
26 October 2023,gas setup,home,8.32,,,,,
24 October 2023,chips,food,2.56,,,,,
24 October 2023,Electric Bill,home,18.71,,,,,
24 October 2023,gregmat,wife,5,,,,,
23 October 2023,burger king,food,12.69,,,,,
23 October 2023,walmart beauty,beauty,33.94,,,,,
23 October 2023,walmart house,home,43.1,,,,,
23 October 2023,walmart food+ tax,food,44.91,,,,,
23 October 2023,web cafe,food,8.51,,,,,
20 October 2023,kfc,food,6.25,,,,,
20 October 2023,kfc,friend,6.25,,,,,
18 October 2023,campus food,food,9.02,,,,,
17 October 2023,smiths instacart,food,40.87,,,,,
16 October 2023,campus food,food,5.43,,,,,
15 October 2023,chips and chocolate,food,4.82,,,,,
14 October 2023,chips,food,4.62,,,,,
13 October 2023,kfc,food,5.43,,,,,
13 October 2023,housing application,wife,10,,,,,
12 October 2023,burger express,food,9.1,,,,,
12 October 2023,sports,beauty,2,,,,,
11 October 2023,Sprout's,food,12.91,,,,,
11 October 2023,smith's shopping,food,22.63,,,,,
11 October 2023,chips,food,2.56,,,,,
10 October 2023,chips and m&m,food,5.64,,,,,
9 October 2023,pia vpn,tech,42.56,,,,,
9 October 2023,chips,food,5.13,,,,,
8 October 2023,instacart smith's,food,78.415,,,,,
8 October 2023,burger king,food,3.78,,,,,
6 October 2023,arafat vai fried chicken,food,9,,,,,
6 October 2023,taaha ielts prep,wife,5,,,,,
6 October 2023,Chips,food,2.56,,,,,
6 October 2023,google fi,tech,25.89,,,,,
5 October 2023,chips,food,2.56,,,,,
5 October 2023,campus food,food,10.89,,,,,
5 October 2023,campus food,food,9.24,,,,,
3 October 2023,chips,food,2.56,,,,,
2 October 2023,walmart grocery,food,35.31,,,,,
2 October 2023,mcdonalds burger,food,11.63,,,,,
2 October 2023,mcnuggets,food,5.21,,,,,
2 October 2023,chips,food,1.55,,,,,
30 September 2023,chips,food,4.82,,,,,
29 September 2023,campus food,food,8.59,,,,,
28 September 2023,chips and campus food,food,16.93,,,,,
28 September 2023,walmart grocery,food,23.71,,,,,
26 September 2023,chips,food,2.56,,,,,
26 September 2023,chips,food,3.08,,,,,
25 September 2023,bed,home,61.16,,,,,
25 September 2023,living room light,home,14.75,,,,,
25 September 2023,nose trimmer,beauty,12.99,,,,,
25 September 2023,macbook screen,tech,11.77,,,,,
25 September 2023,campus food,food,9.24,,,,,
24 September 2023,walmart grocery,food,27.45,,,,,
24 September 2023,xfinity,home,22.5,,,,,
24 September 2023,hair fall shampoo,beauty,13.7694,,,,,
24 September 2023,bed brush,home,9.3068,,,,,
24 September 2023,super glue,home,6.254,,,,,
24 September 2023,home rent,home,748.5,,,,,
22 September 2023,taaha bkash send,wife,30,,,,,
22 Sep 2023,chips,food,2.05,,,,,
22 September 2023,cyprus transfer,waste,2,,,,,
22 Sep 2023,sandal,home,13.7588,,,,,
22 Sep 2023,walmart grocery,food,24.85,,,,,
22 Sep 2023,campus food,food,8,,,,,
20 Sep 2023,campus food,food,9,,,,,
20 Sep 2023,chips,food,2.05,,,,,
18 Sep 2023,walmart grocery,food,19.79,,,,,
17 Sep 2023,google fi,tech,13.93,,,,,
17 Sep 2023,chips,food,4.21,,,,,
15 Sep 2023,campus food,food,8,,,,,
15 Sep 2023,chips,food,2.05,,,,,
14 Sep 2023,"amazon, walmart, campus food",home,49,,,,,
13 Sep 2023,campus food,food,10.22,,,,,
12 Sep 2023,chips,food,2.25,,,,,
12 Sep 2023,pickle ball bat one piece from walmart,beauty,9.53735,,,,,
12 Sep 2023,walmart grocery,food,14.0103,,,,,
12 Sep 2023,wall clock and electric kettle,home,46.31,,,,,
11 Sep 2023,campus food,food,8.875,,,,,
10 Sep 2023,raffle draw,friend,1,,,,,
7 Sep 2023,food,food,4.1,,,,,
7 Sep 2023,domain purchase,tech,16.59072727,,,,,
7 Sep 2023,xfinity,home,19.975,,,,,
6 Sep 2023,campus food,food,10.22045455,,,,,
5 Sep 2023,chips,food,2,,,,,
3 Sep 2023,google fi sim,tech,10.7325,,,,,
2 Sep 2023,smith's shopping,food,69.955,,,,,
2 Sep 2023,gcp,waste,0.09954545455,,,,,
1 Sep 2023,picckle ball bat sport center,friend,3.5,,,,,
1 Sep 2023,shopping,beauty,15.00154545,,,,,
1 Sep 2023,swimming shorts,beauty,5.237636364,,,,,